timestamp,rss_kb,vsz_kb
1749455011.450538000,  1440 410724208
1749455011.564579000,  1440 410724208
1749455011.676820000,  1440 410724208
1749455011.790006000,  1440 410724208
1749455011.905336000,  1440 410724208
1749455012.022224000,  1440 410724208
1749455012.139035000,  1440 410724208
1749455012.251429000,  1440 410724208
1749455012.364006000,  1440 410724208
1749455012.472417000,  1440 410724208
1749455012.584613000,  1440 410724208
1749455012.699562000,  1440 410724208
1749455012.816432000,  1440 410724208
1749455012.926654000,  1440 410724208
1749455013.039546000,  1440 410724208
1749455013.148821000,  1440 410724208
1749455013.262020000,  1440 410724208
1749455013.430474000,  1440 410724208
1749455013.560752000,  1440 410724208
1749455013.681791000,  1440 410724208
1749455013.797306000,  1440 410724208
1749455013.911286000,  1440 410724208
1749455014.026602000,  1440 410724208
1749455014.148591000,  1440 410724208
1749455014.271751000,  1440 410724208
1749455014.386225000,  1440 410724208
1749455014.495689000,  1440 410724208
1749455014.610555000,  1440 410724208
1749455014.722887000,  1440 410724208
1749455014.836604000,  1440 410724208
